able,about,abroad,ability,absolute,attention,California,,,,,,
acid,above,accept,absence,abstract,authority,Everything,,,,,,
aged,abuse,access,academy,academic,afternoon,Aboveboard,,,,,,
also,actor,across,account,accepted,assistant,Washington,,,,,,
area,acute,acting,accused,accident,assurance,Basketball,,,,,,
army,admit,action,achieve,accuracy,affecting,Weathering,,,,,,
away,adopt,active,acquire,accurate,automatic,Characters,,,,,,
baby,adult,actual,address,achieved,aggregate,Literature,,,,,,
back,after,advice,advance,acquired,analytics,Perfection,,,,,,
ball,again,advise,adverse,activity,allowance,Volleyball,,,,,,
band,agent,affect,advised,actually,associate,Depression,,,,,,
bank,agree,afford,adviser,addition,alongside,Homecoming,,,,,,
base,ahead,afraid,against,adequate,attending,Technology,,,,,,
bath,alarm,agency,airline,adjacent,admission,Maleficent,,,,,,
bear,album,agenda,airport,adjusted,backtrack,Watermelon,,,,,,
beat,alert,almost,alcohol,advanced,beginning,Appreciate,,,,,,
been,alike,always,alleged,advisory,beautiful,Relaxation,,,,,,
beer,alive,amount,already,advocate,broadcast,Convection,,,,,,
bell,allow,animal,analyst,affected,breakfast,Abominable,,,,,,
belt,alone,annual,ancient,aircraft,basically,Government,,,,,,
best,along,answer,another,alliance,brilliant,Salmonella,,,,,,
bill,alter,anyone,anxiety,although,behaviour,Strawberry,,,,,,
bird,among,anyway,anxious,aluminum,borrowing,Aberration,,,,,,
blow,anger,appeal,anybody,analysis,breathing,Retirement,,,,,,
blue,Angle,appear,applied,announce,breakdown,Television,,,,,,
boat,angry,around,arrange,anything,belonging,Contraband,,,,,,
body,apart,arrive,arrival,anywhere,boulevard,Alzheimers,,,,,,
bomb,apple,artist,article,apparent,boyfriend,Silhouette,,,,,,
bond,apply,aspect,assault,appendix,biography,Friendship,,,,,,
bone,arena,assess,assumed,approach,brokerage,Punishment,,,,,,
book,argue,assist,assured,approval,bandwidth,Loneliness,,,,,,
boom,arise,assume,attempt,argument,benchmark,University,,,,,,
born,array,attack,attract,artistic,broadband,Cinderella,,,,,,
boss,aside,attend,auction,assembly,bacterial,Confidence,,,,,,
both,asset,august,average,assuming,bilateral,Restaurant,,,,,,
bowl,audio,author,backing,athletic,blueprint,Abstinence,,,,,,
bulk,audit,avenue,balance,attached,butterfly,Blancmange,,,,,,
burn,avoid,backed,banking,attitude,bourgeois,Blackboard,,,,,,
bush,award,barely,barrier,attorney,battalion,Discipline,,,,,,
busy,aware,battle,battery,audience,bilingual,Renovation,,,,,,
call,badly,beauty,bearing,autonomy,brutality,Helicopter,,,,,,
calm,baker,became,beating,aviation,boardroom,Generation,,,,,,
came,bases,become,because,bachelor,botanical,Adaptation,,,,,,
camp,basic,before,bedroom,bacteria,briefcase,Skateboard,,,,,,
card,basis,behalf,believe,baseball,backstage,Lightboard,,,,,,
care,beach,behind,beneath,bathroom,ballistic,Apocalypse,,,,,,
case,began,belief,benefit,becoming,barometer,Understand,,,,,,
cash,begin,belong,besides,benjamin,breakaway,Leadership,,,,,,
cast,begun,berlin,between,birthday,bandwagon,Revolution,,,,,,
cell,being,better,billion,boundary,billboard,Insulation,,,,,,
chat,below,beyond,binding,breaking,brigadier,Insulation,,,,,,
chip,bench,bishop,brother,breeding,blackmail,Wilderness,,,,,,
city,billy,border,brought,building,biomarker,Motivation,,,,,,
club,birth,bottle,burning,bulletin,bacterium,Pilgrimage,,,,,,
coal,black,bottom,cabinet,business,backfield,Diabolical,,,,,,
coat,blame,bought,caliber,calendar,backcourt,Kaepernick,,,,,,
code,blind,branch,calling,campaign,ballerina,Orthopedic,,,,,,
cold,block,breath,capable,capacity,bloodshed,Conscience,,,,,,
come,blood,bridge,capital,casualty,bookstore,Reciprocal,,,,,,
cook,board,bright,captain,catching,boundless,Absolution,,,,,,
cool,boost,broken,caption,category,bodyguard,Management,,,,,,
cope,booth,budget,capture,Catholic,barrister,Rainforest,,,,,,
copy,bound,burden,careful,cautious,breakeven,Girlfriend,,,,,,
CORE,brain,bureau,carrier,cellular,blackbird,Trampoline,,,,,,
cost,brand,button,caution,ceremony,butadiene,Resolution,,,,,,
crew,bread,camera,ceiling,chairman,barbarian,Vegetables,,,,,,
crop,break,cancer,central,champion,bioactive,Accountant,,,,,,
dark,breed,cannot,centric,chemical,badminton,Expression,,,,,,
data,brief,carbon,century,children,bookshelf,Illuminati,,,,,,
date,bring,career,certain,circular,belvedere,Earthquake,,,,,,
dawn,broad,castle,chamber,civilian,bountiful,Protection,,,,,,
days,broke,casual,channel,clearing,blasphemy,Tambourine,,,,,,
dead,brown,caught,chapter,clinical,bombshell,Endearment,,,,,,
deal,build,center,charity,clothing,brickwork,Individual,,,,,,
dean,built,centre,charlie,collapse,biosphere,Innovation,,,,,,
dear,buyer,chance,charter,colonial,barricade,Abstaining,,,,,,
debt,cable,change,checked,colorful,bannister,Gymnastics,,,,,,
deep,calif,charge,chicken,commence,broadside,Excitement,,,,,,
deny,carry,choice,chronic,commerce,bystander,Allocution,,,,,,
desk,catch,choose,circuit,complain,bulldozer,Elementary,,,,,,
dial,cause,chosen,classes,complete,billiards,Conference,,,,,,
dick,chain,church,classic,composed,boardwalk,Adrenaline,,,,,,
diet,chair,circle,climate,compound,binocular,Accomplish,,,,,,
disc,chart,client,closing,comprise,bronchial,Instrument,,,,,,
disk,chase,closed,closure,computer,bloodless,Ubiquitous,,,,,,
does,cheap,closer,clothes,conclude,barbarism,Accounting,,,,,,
done,check,coffee,collect,concrete,bioethics,Concussion,,,,,,
door,chest,column,college,conflict,backwater,Speechless,,,,,,
dose,chief,combat,combine,confused,byproduct,Mozzarella,,,,,,
down,child,coming,comfort,congress,bartender,Compliment,,,,,,
draw,china,common,command,consider,botulinum,Appearance,,,,,,
drew,chose,comply,comment,constant,bootstrap,Difference,,,,,,
drop,civil,copper,compact,consumer,brotherly,Accelerate,,,,,,
drug,claim,corner,company,continue,beachhead,Underworld,,,,,,
dual,class,costly,compare,contract,bandstand,Affliction,,,,,,
duke,clean,county,compete,contrary,blackjack,Everywhere,,,,,,
dust,clear,couple,complex,contrast,breakneck,Bronchitis,,,,,,
duty,click,course,concept,convince,befitting,Disposable,,,,,,
each,clock,covers,concern,corridor,boathouse,Breathless,,,,,,
earn,close,create,concert,coverage,brasserie,Consummate,,,,,,
ease,coach,credit,conduct,covering,backlight,Word,,,,,,Favourite
east,coast,crisis,confirm,creation,certainly,Beautician,,,,,,
easy,could,custom,connect,creative,concerned,Oppression,,,,,,
edge,count,damage,consent,criminal,condition,Chromosome,,,,,,
else,court,danger,consist,critical,challenge,Generosity,,,,,,
even,cover,dealer,contact,crossing,character,Procession,,,,,,
ever,craft,debate,contain,cultural,component,Pangasinan,,,,,,
evil,crash,decade,content,currency,confident,Experiment,,,,,,
exit,cream,decide,contest,customer,connected,Corruption,,,,,,
face,crime,defeat,context,database,confirmed,Foundation,,,,,,
fact,cross,defend,control,daughter,candidate,Atmosphere,,,,,,
fail,crowd,define,convert,daylight,collected,Practicing,,,,,,
fair,crown,degree,correct,deadline,criticism,Historical,,,,,,
fall,curve,demand,council,deciding,classroom,Medication,,,,,,
farm,cycle,depend,counsel,decision,conscious,Bottomless,,,,,,
fast,daily,deputy,counter,decrease,coalition,Combustion,,,,,,
fate,dance,desert,country,deferred,customize,Temptation,,,,,,
fear,dated,design,crucial,definite,childhood,Contortion,,,,,,
feed,dealt,desire,crystal,delicate,consensus,Republican,,,,,,
feel,death,detail,culture,delivery,complaint,Statistics,,,,,,
feet,debut,detect,current,describe,confusion,Equanimity,,,,,,
fell,delay,device,cutting,designer,chemistry,Meticulous,,,,,,
felt,depth,differ,dealing,detailed,classical,Sweetheart,,,,,,
file,doing,dinner,decided,diabetes,charlotte,Tournament,,,,,,
fill,doubt,direct,decline,dialogue,celebrate,Automobile,,,,,,
film,dozen,doctor,default,diameter,copyright,Invincible,,,,,,
find,draft,dollar,defence,directly,construct,Apostrophe,,,,,,
fine,drama,domain,deficit,director,companion,Dictionary,,,,,,
fire,drawn,double,deliver,disabled,commodity,Laceration,,,,,,
firm,dream,driven,density,disaster,commander,Conjecture,,,,,,
fish,dress,driver,deposit,disclose,chocolate,Separation,,,,,,
five,drill,during,desktop,discount,continent,Apothecary,,,,,,
flat,drink,easily,despite,discover,calculate,Revelation,,,,,,
flow,drive,eating,destroy,disorder,composite,Infinitive,,,,,,
food,drove,editor,develop,disposal,customary,Weatherman,,,,,,
foot,dying,effect,devoted,distance,clearance,Appetizing,,,,,,
ford,eager,effort,diamond,distinct,cigarette,Cheesecake,,,,,,
form,early,eighth,digital,district,colleague,Calceolate,,,,,,
fort,earth,either,discuss,dividend,consuming,Snorkeling,,,,,,
four,eight,eleven,disease,division,certainty,Connection,,,,,,
free,elite,emerge,display,doctrine,discovery,Graduation,,,,,,
from,empty,empire,dispute,document,delighted,Disturbing,,,,,,
fuel,enemy,employ,distant,domestic,dangerous,Hyphenated,,,,,,
full,enjoy,enable,diverse,dominant,dependent,Chalkboard,,,,,,
fund,enter,ending,divided,dominate,demanding,Convention,,,,,,
gain,entry,energy,drawing,doubtful,developer,Apprentice,,,,,,
game,equal,engage,driving,dramatic,democracy,Endangered,,,,,,
gate,error,engine,dynamic,dressing,diversity,Counseling,,,,,,
gave,event,enough,eastern,dropping,directory,Jejuneness,,,,,,
gear,every,ensure,economy,duration,diagnosis,Indulgence,,,,,,
gene,exact,entire,edition,dynamics,detection,Threatened,,,,,,
gift,exist,entity,elderly,earnings,departure,Patriotism,,,,,,
girl,extra,equity,element,economic,desirable,Forgetting,,,,,,
give,faith,escape,engaged,educated,defensive,Acceptance,,,,,,
glad,FALSE,estate,enhance,efficacy,designing,Evaluation,,,,,,
goal,fault,ethnic,essence,eighteen,dimension,Comparison,,,,,,
goes,fiber,exceed,evening,election,desperate,Motorcycle,,,,,,
gold,field,except,evident,electric,defendant,Undeniable,,,,,,
Golf,fifth,excess,exactly,eligible,depressed,Hypotenuse,,,,,,
gone,fifty,expand,examine,emerging,discourse,Evacuation,,,,,,
good,fight,expect,example,emphasis,detective,Excellence,,,,,,
gray,final,expert,excited,employee,discharge,Attraction,,,,,,
grew,first,export,exclude,endeavor,dominance,Diminution,,,,,,
grey,fixed,extend,exhibit,engaging,disappear,Allegiance,,,,,,
grow,flash,extent,expense,engineer,directive,Gracefully,,,,,,
gulf,fleet,fabric,explain,enormous,delicious,Cigarettes,,,,,,
hair,floor,facing,explore,entirely,diligence,Playground,,,,,,
half,fluid,factor,express,entrance,dismissal,Aggravated,,,,,,
hall,focus,failed,extreme,envelope,disturbed,Derivative,,,,,,
hand,force,fairly,factory,equality,disparate,Refraction,,,,,,
hang,forth,fallen,faculty,equation,detention,Parliament,,,,,,
hard,forty,family,failing,estimate,deduction,Possession,,,,,,
harm,forum,famous,failure,evaluate,defective,Photogenic,,,,,,
hate,found,father,fashion,eventual,duplicate,Phosphorus,,,,,,
have,frame,fellow,feature,everyday,depletion,Creativity,,,,,,
head,frank,female,federal,everyone,diversion,Apposition,,,,,,
hear,fraud,figure,feeling,evidence,deviation,Abdication,,,,,,
heat,fresh,filing,fiction,exchange,deception,Pedestrian,,,,,,
held,front,finger,fifteen,exciting,diversify,Annihilate,,,,,,
hell,fruit,finish,filling,exercise,diplomacy,Brightness,,,,,,
help,fully,fiscal,finance,explicit,disregard,Contagious,,,,,,
here,funny,flight,finding,exposure,deterrent,Invitation,,,,,,
hero,giant,flying,fishing,extended,disbelief,Prefecture,,,,,,
high,given,follow,fitness,external,deserving,Acceptable,,,,,,
hill,glass,forced,foreign,facility,diffusion,Hypothesis,,,,,,
hire,globe,forest,forever,familiar,designate,Cleverness,,,,,,
hold,going,forget,formula,featured,doubtless,Remarkable,,,,,,
hole,grace,formal,fortune,feedback,digestion,Alexandria,,,,,,
holy,grade,format,forward,festival,disparity,Archimedes,,,,,,
home,grand,former,founder,finished,doctorate,Attractive,,,,,,
hope,grant,foster,freedom,firewall,dashboard,Victorious,,,,,,
host,grass,fought,further,flagship,efficient,Assailable,,,,,,
hour,great,fourth,gallery,flexible,establish,Disneyland,,,,,,
huge,green,French,gateway,floating,expensive,Headhunter,,,,,,
hung,gross,friend,general,football,encourage,Prosperity,,,,,,
hunt,group,future,genetic,foothill,exclusive,Bitterness,,,,,,
hurt,grown,garden,genuine,forecast,elsewhere,Experience,,,,,,
idea,guard,gather,gigabit,foremost,extension,Submission,,,,,,
inch,guess,gender,greater,formerly,emergency,Accusation,,,,,,
into,guest,german,hanging,fourteen,existence,Clementine,,,,,,
iron,guide,global,heading,fraction,everybody,Aggression,,,,,,
item,happy,golden,healthy,franklin,economics,Diagnosing,,,,,,
jack,harry,ground,hearing,frequent,evolution,Effortless,,,,,,
jane,heart,growth,heavily,friendly,exception,Locomotive,,,,,,
jean,heavy,guilty,helpful,frontier,emotional,Compulsion,,,,,,
john,hence,handed,helping,function,execution,Dedication,,,,,,
join,henry,handle,herself,generate,eliminate,Heartbreak,,,,,,
jump,horse,happen,highway,generous,editorial,Industrial,,,,,,
jury,hotel,hardly,himself,genomics,excessive,Immaculate,,,,,,
just,house,headed,history,goodwill,encounter,Benevolent,,,,,,
keen,human,health,holding,governor,emergence,Perception,,,,,,
keep,ideal,height,holiday,graduate,explosion,Tenderness,,,,,,
kent,image,hidden,housing,graphics,exceeding,Camouflage,,,,,,
kept,index,holder,however,grateful,elaborate,Roundabout,,,,,,
kick,inner,honest,hundred,guardian,explosive,Apparition,,,,,,
kill,input,impact,husband,guidance,expressly,Scoreboard,,,,,,
kind,issue,import,illegal,handling,exemption,Dysprosium,,,,,,
king,japan,income,illness,hardware,exclusion,Abhorrence,,,,,,
knee,jimmy,indeed,imagine,heritage,emphasize,Narcissist,,,,,,
knew,joint,injury,imaging,highland,economist,Admiration,,,,,,
know,jones,inside,improve,historic,empirical,Pocahontas,,,,,,
lack,judge,intend,include,homeless,electoral,Expedition,,,,,,
lady,known,intent,initial,homepage,enjoyment,Microscope,,,,,,
laid,label,invest,inquiry,hospital,evidently,Promethium,,,,,,
lake,large,island,insight,humanity,energetic,Toothbrush,,,,,,
land,laser,itself,install,identify,entertain,Liberation,,,,,,
lane,later,jersey,instant,identity,encompass,Meditation,,,,,,
last,laugh,joseph,instead,ideology,equitable,Waterspout,,,,,,
late,layer,junior,intense,imperial,endowment,Internally,,,,,,
lead,learn,killed,interim,incident,enclosure,Production,,,,,,
left,lease,labour,involve,included,elevation,Inequality,,,,,,
less,least,latest,jointly,increase,exemplary,Siddhartha,,,,,,
life,leave,latter,journal,indicate,expansive,Laboratory,,,,,,
lift,legal,launch,journey,indirect,exquisite,Leprechaun,,,,,,
like,level,lawyer,justice,industry,eccentric,Polynomial,,,,,,
line,lewis,leader,justify,informal,endurance,Vocabulary,,,,,,
link,light,league,keeping,informed,ethnicity,Manchester,,,,,,
list,limit,leaves,killing,inherent,emulation,Aggressive,,,,,,
live,links,legacy,kingdom,initiate,ecosystem,Reflection,,,,,,
load,lives,length,kitchen,innocent,forefront,Apotheosis,,,,,,
loan,local,lesson,knowing,inspired,fantastic,Resistance,,,,,,
lock,logic,letter,landing,instance,frankfurt,Prediction,,,,,,
logo,loose,lights,largely,integral,foregoing,Chinchilla,,,,,,
long,lower,likely,lasting,intended,fertility,Concoction,,,,,,
look,lucky,linked,leading,interact,footprint,Fundraiser,,,,,,
lord,lunch,liquid,learned,interest,forbidden,Hallelujah,,,,,,
lose,lying,listen,leisure,interior,formulate,Infectious,,,,,,
loss,magic,little,liberal,internal,freelance,Department,,,,,,
lost,major,living,liberty,interval,facsimile,Philosophy,,,,,,
love,maker,losing,library,intimate,fiduciary,Sanitation,,,,,,
luck,march,lucent,license,intranet,fifteenth,Brokenness,,,,,,
made,maria,luxury,limited,invasion,fireplace,Brokenness,,,,,,
mail,match,mainly,listing,involved,fragrance,Convincing,,,,,,
main,maybe,making,logical,isolated,formative,Balenciaga,,,,,,
make,mayor,manage,loyalty,judgment,fluctuate,Determined,,,,,,
male,meant,manner,machine,judicial,fisherman,Charleston,,,,,,
many,media,manual,manager,junction,foresight,Discretion,,,,,,
Mark,metal,margin,married,keyboard,favorable,Engagement,,,,,,
mass,might,marine,massive,landlord,fledgling,Respectful,,,,,,
matt,minor,marked,maximum,language,frivolous,Loveliness,,,,,,
meal,minus,market,meaning,laughter,farmhouse,Slobbering,,,,,,
mean,mixed,martin,measure,learning,flotation,Blacksmith,,,,,,
meat,model,master,medical,leverage,ferocious,Relentless,,,,,,
meet,money,matter,meeting,lifetime,formality,Denotation,,,,,,
menu,month,mature,mention,lighting,fieldwork,Slithering,,,,,,
mere,moral,medium,message,likewise,freestyle,Believable,,,,,,
mike,motor,member,million,limiting,fortnight,Flashlight,,,,,,
mile,mount,memory,mineral,literary,frontline,Motionless,,,,,,
milk,mouse,mental,minimal,location,financier,Guillotine,,,,,,
mill,mouth,merely,minimum,magazine,flavorful,Rockabilly,,,,,,
mind,movie,merger,missing,magnetic,forgiving,Australian,,,,,,
mine,music,method,mission,maintain,fastening,Chimpanzee,,,,,,
miss,needs,middle,mistake,majority,foreigner,Plagiarism,,,,,,
mode,never,miller,mixture,marginal,fruitless,Iodination,,,,,,
mood,newly,mining,monitor,marriage,fraternal,Staggering,,,,,,
moon,night,minute,monthly,material,godfather,Transition,,,,,,
more,noise,mirror,morning,maturity,guidebook,Simplicity,,,,,,
most,north,mobile,musical,maximize,grapevine,Watercress,,,,,,
move,noted,modern,mystery,meantime,grappling,Birmingham,,,,,,
much,novel,modest,natural,measured,gestation,Mysterious,,,,,,
must,nurse,module,neither,medicine,guesswork,Discussion,,,,,,
name,occur,moment,nervous,medieval,greyhound,Glycolysis,,,,,,
navy,ocean,morris,network,memorial,groupware,Casualties,,,,,,
near,offer,mostly,neutral,merchant,genealogy,Peacefully,,,,,,
neck,often,mother,notable,midnight,galloping,Conclusion,,,,,,
need,order,motion,nothing,military,grassland,Prevention,,,,,,
news,other,moving,nowhere,minimize,gigahertz,Ballooning,,,,,,
next,ought,murder,nuclear,minister,gastritis,Misfortune,,,,,,
nice,paint,museum,nursing,ministry,groundout,Confession,,,,,,
nick,panel,mutual,obvious,minority,gunpowder,Participle,,,,,,
nine,paper,myself,offense,mobility,godmother,Commandant,,,,,,
none,party,narrow,officer,modeling,groundhog,Ammunition,,,,,,
nose,peace,nation,ongoing,moderate,glassware,Challenger,,,,,,
note,peter,native,opening,momentum,glutamate,Cellophane,,,,,,
okay,phase,nature,operate,monetary,gatehouse,Suggestion,,,,,,
once,phone,nearby,opinion,moreover,genitalia,Initiative,,,,,,
only,photo,nearly,optical,mortgage,globalize,Starstruck,,,,,,
onto,piece,nights,organic,mountain,gravitate,Articulate,,,,,,
open,pilot,nobody,outcome,mounting,governess,Disrespect,,,,,,
oral,pitch,normal,outdoor,movement,germanium,Complexion,,,,,,
over,place,notice,outlook,multiple,gladiator,Technetium,,,,,,
pace,plain,notion,outside,national,gonorrhea,Confection,,,,,,
pack,plane,number,overall,negative,germinate,Capricious,,,,,,
page,plant,object,pacific,nineteen,gradation,Simulation,,,,,,
paid,plate,obtain,package,northern,goldfield,Defecation,,,,,,
pain,point,office,painted,notebook,guildhall,Cincinnati,,,,,,
pair,pound,offset,parking,numerous,goldstone,Antisocial,,,,,,
palm,power,online,partial,observer,glandular,Outrageous,,,,,,
park,press,option,partner,occasion,gallantry,Recreation,,,,,,
part,price,orange,passage,offering,garibaldi,Cordillera,,,,,,
pass,pride,origin,passing,official,guardrail,Impression,,,,,,
past,prime,output,passion,offshore,gentility,Embroidery,,,,,,
path,print,oxford,passive,operator,glutamine,Plantation,,,,,,
peak,prior,packed,patient,opponent,graveside,Toothpaste,,,,,,
pick,prize,palace,pattern,opposite,gooseneck,Semicircle,,,,,,
pink,proof,parent,payable,optimism,gibberish,Consistent,,,,,,
pipe,proud,partly,payment,optional,globalism,Centiliter,,,,,,
plan,prove,patent,penalty,ordinary,galvanize,Vegetarian,,,,,,
play,queen,people,pending,organize,guardsman,Stalagmite,,,,,,
plot,quick,period,pension,original,gymnastic,Dehydrated,,,,,,
plug,quiet,permit,percent,overcome,hazardous,Conviction,,,,,,
plus,quite,person,perfect,overhead,hurricane,Healthcare,,,,,,
poll,radio,phrase,perform,overseas,honorable,Pentameter,,,,,,
pool,raise,picked,perhaps,overview,hostility,Montessori,,,,,,
poor,range,planet,phoenix,painting,hepatitis,Centimeter,,,,,,
port,rapid,player,picking,parallel,homeowner,Remembered,,,,,,
post,ratio,please,picture,parental,hydraulic,Aggravator,,,,,,
pull,reach,plenty,pioneer,patented,hyperlink,Microphone,,,,,,
pure,ready,pocket,plastic,patience,honeymoon,Ameliorate,,,,,,
push,refer,police,pointed,peaceful,hilarious,Saliferous,,,,,,
race,right,policy,popular,periodic,hindsight,Audiophile,,,,,,
rail,rival,prefer,portion,personal,hypocrisy,Aquamarine,,,,,,
rain,river,pretty,poverty,persuade,holocaust,Irrigation,,,,,,
rank,robin,prince,precise,petition,housewife,Blackbeard,,,,,,
rare,roger,prison,predict,physical,hamstring,Absorption,,,,,,
rate,roman,profit,premier,pipeline,heartbeat,Resentment,,,,,,
read,rough,proper,premium,platform,horseback,Calculator,,,,,,
real,round,proven,prepare,pleasant,housework,Arithmetic,,,,,,
rear,route,public,present,pleasure,heartland,Discomfort,,,,,,
rely,royal,pursue,prevent,politics,hillcrest,Intimation,,,,,,
rent,rural,raised,primary,portable,heartfelt,Deposition,,,,,,
rest,scale,random,printer,portrait,hardening,Aftershock,,,,,,
rice,scene,rarely,privacy,position,hamburger,Abbreviate,,,,,,
rich,scope,rather,private,positive,hypertext,Diminutive,,,,,,
ride,score,rating,problem,possible,harrowing,Antagonist,,,,,,
ring,sense,reader,proceed,powerful,humankind,Wheelchair,,,,,,
rise,serve,really,process,practice,haphazard,Commission,,,,,,
risk,seven,reason,produce,precious,implement,Astronomer,,,,,,
road,shall,recall,product,pregnant,integrate,Chloroform,,,,,,
rock,shape,recent,profile,presence,inflation,Vernacular,,,,,,
role,share,record,program,preserve,intensive,Percussion,,,,,,
roll,sharp,reduce,project,pressing,integrity,Paramecium,,,,,,
roof,sheet,reform,promise,pressure,inventory,Bluebonnet,,,,,,
room,shelf,regard,promote,previous,infection,Pernicious,,,,,,
root,shell,regime,protect,princess,inclusion,Moderation,,,,,,
rose,shift,region,protein,printing,instantly,Cerebellum,,,,,,
rule,shirt,relate,protest,priority,inability,Cryosphere,,,,,,
rush,shock,relief,provide,probable,incentive,Cantaloupe,,,,,,
ruth,shoot,remain,publish,probably,identical,Allegation,,,,,,
safe,short,remote,purpose,producer,isolation,Identifier,,,,,,
said,shown,remove,pushing,profound,intensity,Gadolinium,,,,,,
sake,sight,repair,qualify,progress,incidence,Fatherless,,,,,,
sale,since,repeat,quality,property,injection,Providence,,,,,,
salt,sixth,replay,quarter,proposal,inspector,Flatulence,,,,,,
same,sixty,report,radical,prospect,indicator,Anesthesia,,,,,,
sand,sized,rescue,railway,protocol,incorrect,Compliance,,,,,,
save,skill,resort,readily,provided,interpret,Chandelier,,,,,,
seat,sleep,result,Reading,provider,intuitive,Enthusiast,,,,,,
seed,slide,retail,reality,province,inception,Ableptical,,,,,,
seek,small,retain,realize,publicly,invisible,Redemption,,,,,,
seem,smart,return,receipt,purchase,inclusive,Belongings,,,,,,
seen,smile,reveal,receive,pursuant,invention,Fledgeling,,,,,,
self,smith,review,recover,quantity,interfere,Accessible,,,,,,
sell,smoke,reward,reflect,question,incumbent,Astringent,,,,,,
send,solid,riding,regular,rational,ignorance,Commercial,,,,,,
sent,solve,rising,related,reaction,intrusion,Incredible,,,,,,
sept,sorry,robust,release,received,inaugural,Abstemious,,,,,,
ship,sound,ruling,remains,receiver,intervene,Blackberry,,,,,,
shop,south,safety,removal,recovery,intrinsic,Paraphilia,,,,,,
shot,space,salary,removed,regional,innocence,Attendance,,,,,,
show,spare,sample,replace,register,indemnity,Crocheting,,,,,,
shut,speak,saving,request,relation,induction,Hesitation,,,,,,
sick,speed,saying,require,relative,inspiring,Misleading,,,,,,
side,spend,scheme,reserve,relevant,irregular,Gregarious,,,,,,
sign,spent,school,resolve,reliable,intricate,Backbiting,,,,,,
site,split,screen,respect,reliance,immigrant,Poinsettia,,,,,,
size,spoke,search,respond,religion,incapable,Changeling,,,,,,
skin,sport,season,restore,remember,insertion,Pugnacious,,,,,,
slip,staff,second,retired,renowned,injustice,Liveliness,,,,,,
slow,stage,secret,revenue,repeated,imaginary,Binoculars,,,,,,
snow,stake,sector,reverse,reporter,interrupt,Cardiology,,,,,,
soft,stand,secure,rollout,republic,imbalance,Linebacker,,,,,,
soil,start,seeing,routine,required,juvenilia,Phenomenon,,,,,,
sold,state,select,running,research,jellybean,Icebreaker,,,,,,
sole,steam,seller,satisfy,reserved,jockstrap,Impediment,,,,,,
some,steel,senior,science,resident,jessamine,Penicillin,,,,,,
song,stick,series,section,resigned,jellyroll,Courageous,,,,,,
soon,still,server,segment,resource,jailbreak,Impossible,,,,,,
sort,stock,settle,serious,response,jackscrew,Playwright,,,,,,
soul,stone,severe,service,restrict,jackfruit,Playwright,,,,,,
spot,stood,sexual,serving,revision,knowledge,Democratic,,,,,,
star,store,should,session,rigorous,kilometer,Hemorrhoid,,,,,,
stay,storm,signal,setting,romantic,keystroke,Equestrian,,,,,,
step,story,signed,seventh,sampling,liability,Aspiration,,,,,,
stop,strip,silent,several,scenario,landscape,Septillion,,,,,,
such,stuck,silver,shortly,schedule,lifestyle,Blubbering,,,,,,
suit,study,simple,showing,scrutiny,literally,Coronation,,,,,,
sure,stuff,simply,silence,seasonal,liquidity,Employment,,,,,,
take,style,single,silicon,secondly,legendary,Outlandish,,,,,,
tale,sugar,sister,similar,security,logistics,Paranormal,,,,,,
talk,suite,slight,sitting,sensible,lucrative,Grapefruit,,,,,,
tall,super,smooth,sixteen,sentence,lightning,Applesauce,,,,,,
tank,sweet,social,skilled,separate,livestock,Footprints,,,,,,
tape,table,solely,smoking,sequence,librarian,Adjustment,,,,,,
task,taken,sought,society,sergeant,luxurious,Politician,,,,,,
team,taste,source,somehow,shipping,limestone,Seamstress,,,,,,
tech,taxes,soviet,someone,shortage,localized,Amanuensis,,,,,,
tell,teach,speech,speaker,shoulder,leasehold,Typewriter,,,,,,
tend,teeth,spirit,special,simplify,lunchtime,Exhibition,,,,,,
term,terry,spoken,species,situated,longevity,Continence,,,,,,
test,texas,spread,sponsor,slightly,marketing,Abnegation,,,,,,
text,thank,spring,station,software,meanwhile,Interstate,,,,,,
than,theft,square,storage,solution,mechanism,Penetrator,,,,,,
that,their,stable,strange,somebody,machinery,Compassion,,,,,,
them,theme,status,stretch,somewhat,migration,Monophobia,,,,,,
then,there,steady,student,southern,municipal,Vulnerable,,,,,,
they,these,stolen,studied,speaking,molecular,Locomotion,,,,,,
thin,thick,strain,subject,specific,mortality,Impeccable,,,,,,
this,thing,stream,succeed,spectrum,magnitude,Givingness,,,,,,
thus,think,street,success,sporting,mandatory,Dependable,,,,,,
till,third,stress,suggest,standard,necessary,Properties,,,,,,
time,those,strict,summary,standing,newspaper,Rescission,,,,,,
tiny,three,strike,support,standout,naturally,Opposition,,,,,,
told,threw,string,suppose,sterling,necessity,Brilliance,,,,,,
toll,throw,strong,supreme,straight,negotiate,Blabbering,,,,,,
tone,tight,struck,surface,strategy,narrative,Conceiving,,,,,,
tony,times,studio,surgery,strength,nutrition,Auditorium,,,,,,
took,tired,submit,surplus,striking,nightmare,Infidelity,,,,,,
tool,title,sudden,survive,struggle,northeast,Sabbatical,,,,,,
tour,today,suffer,suspect,stunning,northwest,Abjuration,,,,,,
town,topic,summer,sustain,suburban,notorious,Defamation,,,,,,
tree,total,summit,teacher,suitable,numerical,Psychology,,,,,,
trip,touch,supply,telecom,superior,navigator,Insatiable,,,,,,
TRUE,tough,surely,telling,supposed,nostalgia,Completion,,,,,,
tune,tower,survey,tension,surgical,nanometer,Appositive,,,,,,
turn,track,switch,theatre,surprise,nightclub,Thoughtful,,,,,,
twin,trade,symbol,therapy,survival,neighbour,Tourniquet,,,,,,
type,train,system,thereby,sweeping,normative,Wonderland,,,,,,
unit,treat,taking,thought,swimming,negligent,Missionary,,,,,,
upon,trend,talent,through,symbolic,nonprofit,Daydreamer,,,,,,
used,trial,target,tonight,sympathy,newsstand,Geothermal,,,,,,
user,tried,taught,totally,syndrome,newsprint,Salutation,,,,,,
vary,tries,tenant,touched,tactical,narration,Bewildered,,,,,,
vast,truck,tender,towards,tailored,notoriety,Copernicus,,,,,,
very,truly,tennis,traffic,takeover,nonlinear,Millennium,,,,,,
vice,trust,thanks,trouble,tangible,normality,Harassment,,,,,,
view,truth,theory,turning,taxation,neurology,Nutcracker,,,,,,
vote,twice,thirty,typical,taxpayer,nocturnal,Dreamworld,,,,,,
wage,under,though,uniform,teaching,nightlife,Allosaurus,,,,,,
wait,undue,threat,unknown,tendency,operation,Conspiracy,,,,,,
wake,union,thrown,unusual,terminal,otherwise,Proportion,,,,,,
walk,unity,ticket,upgrade,terrible,ownership,Irritation,,,,,,
wall,until,timely,upscale,thinking,objective,Babysitter,,,,,,
want,upper,timing,utility,thirteen,ourselves,Podiatrist,,,,,,
ward,upset,tissue,variety,thorough,organized,Conflation,,,,,,
warm,urban,toward,various,thousand,offensive,Caricature,,,,,,
wash,usage,travel,vehicle,together,overnight,Levitation,,,,,,
wave,usual,treaty,venture,tomorrow,outsource,Unyielding,,,,,,
ways,valid,trying,version,touching,orchestra,Insolation,,,,,,
weak,value,twelve,veteran,tracking,occupancy,Epiglottis,,,,,,
wear,video,twenty,victory,training,offspring,Hemisphere,,,,,,
week,virus,unable,viewing,transfer,objection,Accumulate,,,,,,
well,visit,unique,village,traveled,operative,Underwater,,,,,,
went,vital,united,violent,treasury,oversight,Exorbitant,,,,,,
were,voice,unless,virtual,triangle,obsession,Dispensary,,,,,,
west,waste,unlike,visible,tropical,originate,Terminator,,,,,,
what,watch,update,waiting,turnover,obedience,Aboriginal,,,,,,
when,water,useful,walking,ultimate,outskirts,Choiceless,,,,,,
whom,wheel,valley,wanting,umbrella,outspoken,Occupation,,,,,,
wide,where,varied,warning,universe,overthrow,Madagascar,,,,,,
wife,which,vendor,warrant,unlawful,onslaught,Wildebeest,,,,,,
wild,while,versus,wearing,unlikely,ordinance,Eucalyptus,,,,,,
will,white,victim,weather,valuable,outerwear,Castration,,,,,,
wind,whole,vision,webcast,variable,obsessive,Motherless,,,,,,
wine,whose,visual,website,vertical,orthodoxy,Ecotourism,,,,,,
wing,woman,volume,wedding,victoria,oblivious,Woodcutter,,,,,,
wire,women,walker,weekend,violence,overdraft,Temperance,,,,,,
wise,world,wealth,welcome,volatile,oxidation,Complexity,,,,,,
wish,worry,weekly,welfare,warranty,obscurity,Rottweiler,,,,,,
with,worse,weight,western,weakness,overwhelm,Bratislava,,,,,,
wood,worst,wholly,whereas,weighted,overboard,Equivalent,,,,,,
word,worth,window,whereby,whatever,overdrive,Smothering,,,,,,
wore,would,winner,whether,whenever,ombudsman,Montgomery,,,,,,
work,wound,winter,willing,wherever,orphanage,Acrobatics,,,,,,
yard,write,within,winning,wildlife,something,Coaptation,,,,,,
yeah,wrong,wonder,without,wireless,statement,Artificial,,,,,,
year,wrote,worker,witness,withdraw,structure,Effleurage,,,,,,
your,yield,wright,working,woodland,sometimes,Biological,,,,,,
zero,young,writer,writing,workshop,situation,Tessellate,,,,,,
zone,youth,yellow,written,yourself,strategic,Rhinoceros,,,,,,
